,rmse,mae,r2,rmse_mean,mae_mean,r2_mean
100,3.2609102096742984e-06,2.2370239999999167e-06,0.9999539280873131,,,
120,3.2464857006372423e-06,2.2501226666666574e-06,0.999953996454645,,,
200,6.471029983618563e-06,4.0041493333334096e-06,0.9998108775357332,,,
250,6.67575259644071e-06,4.1339146666663e-06,0.999795351709124,,,
aggregate,,,,4.913544622592704e-06,3.1563026666665708e-06,0.9998785384467037
