,rmse,mae,r2,rmse_mean,mae_mean,r2_mean
100,4.771207979350915e-06,3.174160000000191e-06,0.9999218175909507,,,
120,5.3754322699553366e-06,3.4598346666663338e-06,0.9998983452732323,,,
200,1.081407790613664e-05,6.9215359999997746e-06,0.9995386462607482,,,
250,1.6964617504546268e-05,9.940799999999713e-06,0.9987846229893047,,,
aggregate,,,,9.481333914997289e-06,5.874082666666503e-06,0.9995358580285589
