,rmse,mae,r2,rmse_mean,mae_mean,r2_mean
100,6.532908724977894e-06,4.1429066666661906e-06,0.9998575979699709,,,
120,8.924849306664796e-06,4.629610666666877e-06,0.9997261144845196,,,
200,1.7245306492427936e-05,8.872053333333634e-06,0.9989379244394823,,,
250,1.7131701365077858e-05,1.1157605333333143e-05,0.9989709048525924,,,
aggregate,,,,1.2458691472287122e-05,7.200543999999961e-06,0.9993731354366412
