,rmse,mae,r2,rmse_mean,mae_mean,r2_mean
100,4.736609990747061e-06,3.299264000000028e-06,0.9999356941487014,,,
120,6.570431803161583e-06,4.3383360000004605e-06,0.99988100902,,,
200,1.1106128223043255e-05,7.226437333333615e-06,0.9996772730487171,,,
250,1.0276690689128183e-05,6.486485333333516e-06,0.9997135867347023,,,
aggregate,,,,8.17246517652002e-06,5.337630666666905e-06,0.9998018907380303
