,rmse,mae,r2,rmse_mean,mae_mean,r2_mean
100,3.338769457949282e-06,2.3165173333334094e-06,0.9999607477841816,,,
120,7.465532559108638e-06,4.625322666666486e-06,0.9998089290034067,,,
200,6.2112698905566565e-06,4.372378666666764e-06,0.9998610992425057,,,
250,6.740012743805643e-06,4.72588266666658e-06,0.9998345043650398,,,
aggregate,,,,5.938896162855055e-06,4.01002533333331e-06,0.9998663200987835
