,rmse,mae,r2,rmse_mean,mae_mean,r2_mean
100,6.889762258758768e-06,4.5745759999996125e-06,0.9998562278056377,,,
120,9.202566151291137e-06,6.321146666666739e-06,0.9997444833066718,,,
200,2.0256176062568527e-05,1.4126282666667277e-05,0.9987439223352819,,,
250,2.5588855820584332e-05,1.578938133333334e-05,0.9981777896293311,,,
aggregate,,,,1.5484340073300693e-05,1.0202846666666742e-05,0.9991306057692306
