,rmse,mae,r2,rmse_mean,mae_mean,r2_mean
100,2.1624435191087644e-06,1.578010666667323e-06,0.9999806297160426,,,
120,3.637066532248251e-06,2.72351466666684e-06,0.9999453601483405,,,
200,6.809430232324428e-06,4.632522666666843e-06,0.9998052081184703,,,
250,8.053288681995837e-06,5.376853333333379e-06,0.9997290840433679,,,
aggregate,,,,5.165557241419321e-06,3.5777253333335963e-06,0.9998650705065553
