,rmse,mae,r2,rmse_mean,mae_mean,r2_mean
100,4.35152797276769e-06,2.3574826666668096e-06,0.9999487423065087,,,
120,5.468816528484195e-06,3.6758346666663847e-06,0.9999178906934973,,,
200,7.184094291634888e-06,4.786650666666239e-06,0.9998526770167715,,,
250,8.330005433638346e-06,5.7951519999996506e-06,0.999798096917599,,,
aggregate,,,,6.333611056631279e-06,4.153779999999771e-06,0.9998793517335941
