,rmse,mae,r2,rmse_mean,mae_mean,r2_mean
100,3.83180988858103e-06,2.6806986666673002e-06,0.9999535723635015,,,
120,6.759870861356417e-06,4.974906666666611e-06,0.999849967635407,,,
200,1.849262307970914e-05,1.3140194488889357e-05,0.9989952545590142,,,
250,1.0973165687184031e-05,7.913725155555797e-06,0.9996110290963759,,,
aggregate,,,,1.0014367379207655e-05,7.177381244444767e-06,0.9996024559135746
