,rmse,mae,r2,rmse_mean,mae_mean,r2_mean
100,3.4311072369006968e-06,2.267290666666728e-06,0.9999683030887914,,,
120,6.25957649117646e-06,4.110986666666491e-06,0.9998954540077328,,,
200,8.600807423595898e-06,5.066618666666613e-06,0.9997998610113826,,,
250,7.790138234117583e-06,4.58525333333325e-06,0.9998304681609841,,,
aggregate,,,,6.52040734644766e-06,4.00753733333327e-06,0.9998735215672226
