,rmse,mae,r2,rmse_mean,mae_mean,r2_mean
60,1.0090719403676065e-05,4.444955199999627e-06,0.9997965753587441,,,
80,1.0028385456040873e-05,5.318976533333583e-06,0.9997820385247601,,,
100,3.3174168101870604e-05,1.8639766399999686e-05,0.9976321105636056,,,
aggregate,,,,1.776442432052918e-05,9.467899377777631e-06,0.9990702414823699
