DF_index,RMSE_mean,MAE_mean,R2_mean
1,3.777287117756597e-05,1.873076906666684e-05,0.9960126624677396
2,3.2992917810104615e-05,1.762675555555554e-05,0.9959239662765755
3,1.776442432052918e-05,9.467899377777631e-06,0.9990702414823699
