,rmse,mae,r2,rmse_mean,mae_mean,r2_mean
80,7.158630608973311e-06,3.4420719999996465e-06,0.9998933359276916,,,
100,9.888024755812442e-06,5.054691200000312e-06,0.9997919827663319,,,
aggregate,,,,8.523327682392877e-06,4.248381599999979e-06,0.9998426593470118
