,rmse,mae,r2,rmse_mean,mae_mean,r2_mean
80,5.911971819208114e-06,3.508751999999788e-06,0.9998960214024031,,,
100,9.18688476567441e-06,5.145493333333008e-06,0.9997361417859015,,,
aggregate,,,,7.5494282924412625e-06,4.327122666666398e-06,0.9998160815941524
