,rmse,mae,r2,rmse_mean,mae_mean,r2_mean
80,4.58859717196639e-06,2.66340853333331e-06,0.9998212694955018,,,
100,4.816706517353064e-06,2.5679584000001627e-06,0.9998024332796938,,,
aggregate,,,,4.702651844659727e-06,2.6156834666667362e-06,0.9998118513875978
