,rmse,mae,r2,rmse_mean,mae_mean,r2_mean
80,4.987443571566081e-06,2.5478197333333505e-06,0.9999084347212472,,,
100,1.5895206644744064e-05,9.00290026666691e-06,0.9990556771951117,,,
aggregate,,,,1.0441325108155072e-05,5.77536000000013e-06,0.9994820559581794
