,rmse,mae,r2,rmse_mean,mae_mean,r2_mean
80,1.2249639375154483e-05,5.582341333333293e-06,0.9996360498493482,,,
100,1.3020173141958113e-05,6.955763733333006e-06,0.9995928392807474,,,
aggregate,,,,1.2634906258556299e-05,6.269052533333149e-06,0.9996144445650478
