,rmse,mae,r2,rmse_mean,mae_mean,r2_mean
80,1.636649965835204e-05,6.253999466666385e-06,0.9993800723166942,,,
100,1.5238060968509418e-05,5.976392533333561e-06,0.9994961366465921,,,
aggregate,,,,1.5802280313430727e-05,6.115195999999972e-06,0.9994381044816432
