,rmse,mae,r2,rmse_mean,mae_mean,r2_mean
80,6.3087851931523546e-06,3.824314666667024e-06,0.9999015803647521,,,
100,9.375595992433735e-06,5.966154666666862e-06,0.9997781977146668,,,
aggregate,,,,7.842190592793045e-06,4.895234666666942e-06,0.9998398890397094
